name,status,total_queries,n_questions,final_queries,splits,results
scythe/top_rated_posts/042,2,0,0,,,
scythe/recent_posts/029,2,0,0,,,
scythe/top_rated_posts/021,2,0,0,,,
scythe/recent_posts/034,4,0,0,,,
55-tests/37,2,0,0,,,
scythe/recent_posts/019,2,0,0,,,
scythe/recent_posts/035,2,0,0,,,
scythe/recent_posts/016,2,0,0,,,
scythe/recent_posts/020,2,0,0,,,
scythe/recent_posts/033,2,0,0,,,
scythe/top_rated_posts/001,2,0,0,,,
scythe/top_rated_posts/020,2,0,0,,,
scythe/top_rated_posts/005,4,0,0,,,
scythe/top_rated_posts/053,2,0,0,,,
55-tests/40,4,0,0,,,
scythe/recent_posts/031,2,0,0,,,
scythe/top_rated_posts/033,2,0,0,,,
scythe/top_rated_posts/051,4,0,0,,,
scythe/top_rated_posts/002,4,0,0,,,
scythe/recent_posts/030,2,0,0,,,
scythe/recent_posts/011,2,0,0,,,
scythe/top_rated_posts/016,2,0,0,,,
scythe/top_rated_posts/045,4,0,0,,,
scythe/recent_posts/004,2,0,0,,,
55-tests/8,2,0,0,,,
scythe/top_rated_posts/027,4,0,0,,,
scythe/top_rated_posts/017,2,0,0,,,
scythe/top_rated_posts/029,2,0,0,,,
scythe/recent_posts/017,2,0,0,,,
scythe/recent_posts/005,4,0,0,,,
scythe/recent_posts/049,2,0,0,,,
scythe/top_rated_posts/031,2,0,0,,,
55-tests/44,4,0,0,,,
scythe/recent_posts/012,2,0,0,,,
scythe/recent_posts/039,2,0,0,,,
55-tests/36,4,0,0,,,
scythe/top_rated_posts/041,2,0,0,,,
scythe/recent_posts/043,4,0,0,,,
scythe/top_rated_posts/032,4,0,0,,,
55-tests/3,2,0,0,,,
scythe/top_rated_posts/035,2,0,0,,,
55-tests/1,2,0,0,,,
scythe/top_rated_posts/019,4,0,0,,,
scythe/recent_posts/046,2,0,0,,,
scythe/top_rated_posts/010,2,0,0,,,
55-tests/35,4,0,0,,,
scythe/recent_posts/045,4,0,0,,,
scythe/top_rated_posts/046,2,0,0,,,
scythe/top_rated_posts/056,2,0,0,,,
55-tests/14,2,0,0,,,
scythe/recent_posts/006,2,0,0,,,
scythe/recent_posts/040,4,0,0,,,
scythe/top_rated_posts/024,2,0,0,,,
55-tests/24,4,0,0,,,
scythe/top_rated_posts/036,4,0,0,,,
scythe/recent_posts/042,2,0,0,,,
scythe/recent_posts/015,2,0,0,,,
scythe/top_rated_posts/009,4,0,0,,,
scythe/recent_posts/007,4,0,0,,,
scythe/top_rated_posts/012,2,0,0,,,
scythe/top_rated_posts/044,4,0,0,,,
scythe/top_rated_posts/013,4,0,0,,,
scythe/top_rated_posts/034,4,0,0,,,
scythe/top_rated_posts/057,4,0,0,,,
55-tests/23,4,0,0,,,
55-tests/46,2,0,0,,,
scythe/top_rated_posts/050,2,0,0,,,
scythe/top_rated_posts/014,2,0,0,,,
scythe/recent_posts/010,2,0,0,,,
scythe/top_rated_posts/003,2,0,0,,,
scythe/top_rated_posts/007,2,0,0,,,
scythe/recent_posts/032,4,0,0,,,
scythe/recent_posts/014,2,0,0,,,
scythe/recent_posts/001,2,0,0,,,
scythe/top_rated_posts/028,4,0,0,,,
scythe/recent_posts/041,2,0,0,,,
scythe/recent_posts/044,4,0,0,,,
55-tests/43,4,0,0,,,
scythe/recent_posts/037,2,0,0,,,
55-tests/27,4,0,0,,,
scythe/top_rated_posts/026,2,0,0,,,
scythe/recent_posts/028,4,0,0,,,
scythe/recent_posts/048,2,0,0,,,
scythe/top_rated_posts/047,4,0,0,,,
scythe/top_rated_posts/049,2,0,0,,,
scythe/recent_posts/009,2,0,0,,,
scythe/top_rated_posts/055,2,0,0,,,
scythe/recent_posts/013,4,0,0,,,
scythe/top_rated_posts/015,2,0,0,,,
scythe/top_rated_posts/018,2,0,0,,,
scythe/top_rated_posts/038,4,0,0,,,
scythe/top_rated_posts/004,4,0,0,,,
scythe/recent_posts/024,2,0,0,,,
scythe/top_rated_posts/023,2,0,0,,,
scythe/top_rated_posts/048,4,0,0,,,
scythe/top_rated_posts/008,2,0,0,,,
scythe/recent_posts/027,2,0,0,,,
scythe/recent_posts/038,2,0,0,,,
55-tests/18,4,0,0,,,
scythe/recent_posts/051,2,0,0,,,
scythe/top_rated_posts/054,2,0,0,,,
55-tests/10,4,0,0,,,
scythe/top_rated_posts/030,2,0,0,,,
55-tests/16,4,0,0,,,
scythe/top_rated_posts/052,2,0,0,,,
scythe/recent_posts/023,2,0,0,,,
scythe/top_rated_posts/025,2,0,0,,,
scythe/top_rated_posts/037,4,0,0,,,
scythe/recent_posts/008,2,0,0,,,
55-tests/12,4,0,0,,,
scythe/top_rated_posts/006,4,0,0,,,
55-tests/4,4,0,0,,,
scythe/recent_posts/022,4,0,0,,,
55-tests/20,4,0,0,,,
scythe/recent_posts/021,4,0,0,,,
scythe/recent_posts/018,2,0,0,,,
55-tests/21,4,0,0,,,
scythe/top_rated_posts/011,4,0,0,,,
scythe/recent_posts/025,4,0,0,,,
scythe/top_rated_posts/040,2,0,0,,,
scythe/top_rated_posts/022,2,0,0,,,
scythe/recent_posts/003,2,0,0,,,
scythe/top_rated_posts/039,4,0,0,,,
55-tests/29,2,0,0,,,
scythe/recent_posts/036,2,0,0,,,
scythe/recent_posts/026,2,0,0,,,
scythe/recent_posts/047,2,0,0,,,
scythe/recent_posts/002,2,0,0,,,
55-tests/52,4,0,0,,,
scythe/top_rated_posts/043,4,0,0,,,
scythe/recent_posts/050,2,0,0,,,
