name,loc
55-tests/1,2
55-tests/10,3
55-tests/11,1
55-tests/12,2
55-tests/13,1
55-tests/14,3
55-tests/15,3
55-tests/16,4
55-tests/17,3
55-tests/18,2
55-tests/19,2
55-tests/2,3
55-tests/20,2
55-tests/21,2
55-tests/22,5
55-tests/23,2
55-tests/24,2
55-tests/25,4
55-tests/26,2
55-tests/27,3
55-tests/28,2
55-tests/29,3
55-tests/3,3
55-tests/30,3
55-tests/31,2
55-tests/32,3
55-tests/33,4
55-tests/34,4
55-tests/35,3
55-tests/36,3
55-tests/37,2
55-tests/38,4
55-tests/39,2
55-tests/4,3
55-tests/40,3
55-tests/41,2
55-tests/42,3
55-tests/43,3
55-tests/44,3
55-tests/45,3
55-tests/46,4
55-tests/47,3
55-tests/48,3
55-tests/49,3
55-tests/5,3
55-tests/50,2
55-tests/51,3
55-tests/52,3
55-tests/53,2
55-tests/54,3
55-tests/55,2
55-tests/6,3
55-tests/7,1
55-tests/8,2
55-tests/9,4
scythe/recent_posts/001,3
scythe/recent_posts/002,
scythe/recent_posts/003,1
scythe/recent_posts/004,3
scythe/recent_posts/005,3
scythe/recent_posts/006,4
scythe/recent_posts/007,3
scythe/recent_posts/008,
scythe/recent_posts/009,1
scythe/recent_posts/010,
scythe/recent_posts/011,1
scythe/recent_posts/012,3
scythe/recent_posts/013,2
scythe/recent_posts/014,2
scythe/recent_posts/015,
scythe/recent_posts/016,4
scythe/recent_posts/017,4
scythe/recent_posts/018,2
scythe/recent_posts/019,3
scythe/recent_posts/020,
scythe/recent_posts/021,3
scythe/recent_posts/022,3
scythe/recent_posts/023,
scythe/recent_posts/024,
scythe/recent_posts/025,3
scythe/recent_posts/026,
scythe/recent_posts/027,3
scythe/recent_posts/028,3
scythe/recent_posts/029,
scythe/recent_posts/030,
scythe/recent_posts/031,2
scythe/recent_posts/032,2
scythe/recent_posts/033,4
scythe/recent_posts/034,2
scythe/recent_posts/035,4
scythe/recent_posts/036,3
scythe/recent_posts/037,
scythe/recent_posts/038,1
scythe/recent_posts/039,
scythe/recent_posts/040,3
scythe/recent_posts/042,1
scythe/recent_posts/043,
scythe/recent_posts/044,
scythe/recent_posts/045,2
scythe/recent_posts/046,4
scythe/recent_posts/047,2
scythe/recent_posts/048,
scythe/recent_posts/049,
scythe/recent_posts/050,
scythe/recent_posts/051,2
scythe/top_rated_posts/001,1
scythe/top_rated_posts/002,2
scythe/top_rated_posts/003,1
scythe/top_rated_posts/004,2
scythe/top_rated_posts/005,3
scythe/top_rated_posts/006,2
scythe/top_rated_posts/007,2
scythe/top_rated_posts/008,2
scythe/top_rated_posts/009,2
scythe/top_rated_posts/010,1
scythe/top_rated_posts/011,2
scythe/top_rated_posts/012,2
scythe/top_rated_posts/013,3
scythe/top_rated_posts/014,1
scythe/top_rated_posts/015,
scythe/top_rated_posts/016,1
scythe/top_rated_posts/017,3
scythe/top_rated_posts/018,
scythe/top_rated_posts/019,2
scythe/top_rated_posts/020,2
scythe/top_rated_posts/021,1
scythe/top_rated_posts/022,1
scythe/top_rated_posts/023,1
scythe/top_rated_posts/024,2
scythe/top_rated_posts/025,2
scythe/top_rated_posts/026,
scythe/top_rated_posts/027,2
scythe/top_rated_posts/028,2
scythe/top_rated_posts/029,1
scythe/top_rated_posts/030,
scythe/top_rated_posts/031,
scythe/top_rated_posts/032,
scythe/top_rated_posts/033,
scythe/top_rated_posts/034,2
scythe/top_rated_posts/035,
scythe/top_rated_posts/036,2
scythe/top_rated_posts/037,2
scythe/top_rated_posts/038,3
scythe/top_rated_posts/039,2
scythe/top_rated_posts/040,1
scythe/top_rated_posts/041,
scythe/top_rated_posts/042,
scythe/top_rated_posts/043,3
scythe/top_rated_posts/044,1
scythe/top_rated_posts/045,
scythe/top_rated_posts/046,
scythe/top_rated_posts/047,2
scythe/top_rated_posts/048,2
scythe/top_rated_posts/049,1
scythe/top_rated_posts/050,1
scythe/top_rated_posts/051,2
scythe/top_rated_posts/052,
scythe/top_rated_posts/053,
scythe/top_rated_posts/054,1
scythe/top_rated_posts/055,1
scythe/top_rated_posts/056,
scythe/top_rated_posts/057,2
